<?xml version="1.0" encoding="UTF-8"?>

<!--Autogenerated by Cloudera Manager-->
<configuration>
  <property>
    <name>hive.metastore.uris</name>
    <value>thrift://hadoop01:9083</value>
  </property>
  <property>
    <name>hive.metastore.client.socket.timeout</name>
    <value>300</value>
  </property>
  <property>
    <name>hive.metastore.warehouse.dir</name>
    <value>/user/hive/warehouse</value>
  </property>
  <property>
    <name>hive.warehouse.subdir.inherit.perms</name>
    <value>true</value>
  </property>
  <property>
    <name>spark.master</name>
    <value>yarn-cluster</value>
  </property>
  <property>
    <name>hive.log.explain.output</name>
    <value>false</value>
  </property>
  <property>
    <name>hive.auto.convert.join</name>
    <value>true</value>
  </property>
  <property>
    <name>hive.auto.convert.join.noconditionaltask.size</name>
    <value>20971520</value>
  </property>
  <property>
    <name>hive.optimize.index.filter</name>
    <value>true</value>
  </property>
  <property>
    <name>hive.optimize.bucketmapjoin.sortedmerge</name>
    <value>false</value>
  </property>
  <property>
    <name>hive.smbjoin.cache.rows</name>
    <value>10000</value>
  </property>
  <property>
    <name>hive.server2.logging.operation.enabled</name>
    <value>true</value>
  </property>
  <property>
    <name>hive.server2.logging.operation.log.location</name>
    <value>/var/log/hive/operation_logs</value>
  </property>
  <property>
    <name>mapred.reduce.tasks</name>
    <value>-1</value>
  </property>
  <property>
    <name>hive.exec.reducers.bytes.per.reducer</name>
    <value>67108864</value>
  </property>
  <property>
    <name>hive.exec.copyfile.maxsize</name>
    <value>33554432</value>
  </property>
  <property>
    <name>hive.exec.reducers.max</name>
    <value>1099</value>
  </property>
  <property>
    <name>hive.vectorized.groupby.checkinterval</name>
    <value>4096</value>
  </property>
  <property>
    <name>hive.vectorized.groupby.flush.percent</name>
    <value>0.1</value>
  </property>
  <property>
    <name>hive.compute.query.using.stats</name>
    <value>false</value>
  </property>
  <property>
    <name>hive.vectorized.execution.enabled</name>
    <value>true</value>
  </property>
  <property>
    <name>hive.vectorized.execution.reduce.enabled</name>
    <value>false</value>
  </property>
  <property>
    <name>hive.merge.mapfiles</name>
    <value>true</value>
  </property>
  <property>
    <name>hive.merge.mapredfiles</name>
    <value>false</value>
  </property>
  <property>
    <name>hive.cbo.enable</name>
    <value>false</value>
  </property>
  <property>
    <name>hive.fetch.task.conversion</name>
    <value>minimal</value>
  </property>
  <property>
    <name>hive.fetch.task.conversion.threshold</name>
    <value>268435456</value>
  </property>
  <property>
    <name>hive.limit.pushdown.memory.usage</name>
    <value>0.1</value>
  </property>
  <property>
    <name>hive.merge.sparkfiles</name>
    <value>true</value>
  </property>
  <property>
    <name>hive.merge.smallfiles.avgsize</name>
    <value>16777216</value>
  </property>
  <property>
    <name>hive.merge.size.per.task</name>
    <value>268435456</value>
  </property>
  <property>
    <name>hive.optimize.reducededuplication</name>
    <value>true</value>
  </property>
  <property>
    <name>hive.optimize.reducededuplication.min.reducer</name>
    <value>4</value>
  </property>
  <property>
    <name>hive.map.aggr</name>
    <value>true</value>
  </property>
  <property>
    <name>hive.map.aggr.hash.percentmemory</name>
    <value>0.5</value>
  </property>
  <property>
    <name>hive.optimize.sort.dynamic.partition</name>
    <value>false</value>
  </property>
  <property>
    <name>hive.execution.engine</name>
    <value>mr</value>
  </property>
  <property>
    <name>spark.executor.memory</name>
    <value>3240506163</value>
  </property>
  <property>
    <name>spark.driver.memory</name>
    <value>3865470566</value>
  </property>
  <property>
    <name>spark.executor.cores</name>
    <value>5</value>
  </property>
  <property>
    <name>spark.yarn.driver.memoryOverhead</name>
    <value>409</value>
  </property>
  <property>
    <name>spark.yarn.executor.memoryOverhead</name>
    <value>545</value>
  </property>
  <property>
    <name>spark.dynamicAllocation.enabled</name>
    <value>true</value>
  </property>
  <property>
    <name>spark.dynamicAllocation.initialExecutors</name>
    <value>1</value>
  </property>
  <property>
    <name>spark.dynamicAllocation.minExecutors</name>
    <value>1</value>
  </property>
  <property>
    <name>spark.dynamicAllocation.maxExecutors</name>
    <value>2147483647</value>
  </property>
  <property>
    <name>hive.stats.fetch.column.stats</name>
    <value>true</value>
  </property>
  <property>
    <name>hive.mv.files.thread</name>
    <value>15</value>
  </property>
  <property>
    <name>hive.blobstore.use.blobstore.as.scratchdir</name>
    <value>false</value>
  </property>
  <property>
    <name>hive.load.dynamic.partitions.thread</name>
    <value>15</value>
  </property>
  <property>
    <name>hive.exec.input.listing.max.threads</name>
    <value>15</value>
  </property>
  <property>
    <name>hive.msck.repair.batch.size</name>
    <value>0</value>
  </property>
  <property>
    <name>hive.spark.dynamic.partition.pruning.map.join.only</name>
    <value>false</value>
  </property>
  <property>
    <name>hive.metastore.execute.setugi</name>
    <value>true</value>
  </property>
  <property>
    <name>hive.support.concurrency</name>
    <value>true</value>
  </property>
  <property>
    <name>hive.zookeeper.quorum</name>
    <value>hadoop01</value>
  </property>
  <property>
    <name>hive.zookeeper.client.port</name>
    <value>2181</value>
  </property>
  <property>
    <name>hive.zookeeper.namespace</name>
    <value>hive_zookeeper_namespace_hive</value>
  </property>
  <property>
    <name>hbase.zookeeper.quorum</name>
    <value>hadoop01</value>
  </property>
  <property>
    <name>hbase.zookeeper.property.clientPort</name>
    <value>2181</value>
  </property>
  <property>
    <name>hive.cluster.delegation.token.store.class</name>
    <value>org.apache.hadoop.hive.thrift.MemoryTokenStore</value>
  </property>
  <property>
    <name>hive.metastore.fshandler.threads</name>
    <value>15</value>
  </property>
  <property>
    <name>hive.server2.thrift.min.worker.threads</name>
    <value>5</value>
  </property>
  <property>
    <name>hive.server2.thrift.max.worker.threads</name>
    <value>100</value>
  </property>
  <property>
    <name>hive.server2.thrift.port</name>
    <value>10000</value>
  </property>
  <property>
    <name>hive.entity.capture.input.URI</name>
    <value>true</value>
  </property>
  <property>
    <name>hive.server2.enable.doAs</name>
    <value>true</value>
  </property>
  <property>
    <name>hive.server2.session.check.interval</name>
    <value>900000</value>
  </property>
  <property>
    <name>hive.server2.idle.session.timeout</name>
    <value>43200000</value>
  </property>
  <property>
    <name>hive.server2.idle.session.timeout_check_operation</name>
    <value>true</value>
  </property>
  <property>
    <name>hive.server2.idle.operation.timeout</name>
    <value>21600000</value>
  </property>
  <property>
    <name>hive.server2.webui.host</name>
    <value>0.0.0.0</value>
  </property>
  <property>
    <name>hive.server2.webui.port</name>
    <value>10002</value>
  </property>
  <property>
    <name>hive.server2.webui.max.threads</name>
    <value>50</value>
  </property>
  <property>
    <name>hive.server2.webui.use.ssl</name>
    <value>false</value>
  </property>
  <!--'hive.aux.jars.path', originally set to 'file:///opt/cloudera/parcels/CDH-5.15.2-1.cdh5.15.2.p0.3/lib/hive/lib/hive-hbase-handler-1.1.0-cdh5.15.2.jar,file:///opt/cloudera/parcels/CDH-5.15.2-1.cdh5.15.2.p0.3/lib/hbase/hbase-client.jar,file:///opt/cloudera/parcels/CDH-5.15.2-1.cdh5.15.2.p0.3/lib/hbase/hbase-common.jar,file:///opt/cloudera/parcels/CDH-5.15.2-1.cdh5.15.2.p0.3/lib/hbase/hbase-hadoop-compat.jar,file:///opt/cloudera/parcels/CDH-5.15.2-1.cdh5.15.2.p0.3/lib/hbase/hbase-hadoop2-compat.jar,file:///opt/cloudera/parcels/CDH-5.15.2-1.cdh5.15.2.p0.3/lib/hbase/hbase-protocol.jar,file:///opt/cloudera/parcels/CDH-5.15.2-1.cdh5.15.2.p0.3/lib/hbase/hbase-server.jar,file:///opt/cloudera/parcels/CDH-5.15.2-1.cdh5.15.2.p0.3/lib/hbase/lib/htrace-core-3.2.0-incubating.jar,file:///opt/cloudera/parcels/CDH-5.15.2-1.cdh5.15.2.p0.3/lib/hbase/lib/htrace-core.jar,file:///opt/cloudera/parcels/CDH-5.15.2-1.cdh5.15.2.p0.3/lib/hbase/lib/htrace-core4-4.0.1-incubating.jar' (non-final), is overridden below by a safety valve-->
  <property>
    <name>hive.server2.use.SSL</name>
    <value>false</value>
  </property>
  <property>
    <name>spark.shuffle.service.enabled</name>
    <value>true</value>
  </property>
  <property>
    <name>hive.service.metrics.file.location</name>
    <value>/var/log/hive/metrics-hiveserver2/metrics.log</value>
  </property>
  <property>
    <name>hive.server2.metrics.enabled</name>
    <value>true</value>
  </property>
  <property>
    <name>hive.service.metrics.file.frequency</name>
    <value>30000</value>
  </property>
  <property>
    <name>hive.security.authorization.enabled</name>
    <value>true</value>
  </property>
  <property>
    <name>hive.security.authorization.createtable.owner.grants</name>
    <value>ALL</value>
  </property>
  <property>
    <name>hive.security.authorization.task.factory</name>
    <value>org.apache.hadoop.hive.ql.parse.authorization.HiveAuthorizationTaskFactoryImpl</value>
  </property>
</configuration>
